Taiwan tags,Birds tags,Wildlife tags,Other tags
台灣攝影,best_birds_of_world,igwildlife,cute
攝影,bird,instawildlife,sonyalpha
生態攝影,bird_adored,kings_nature,sonybbcearth
野生攝影,bird_brilliance,natgeo,sonyphotography
動物攝影,bird_captures,natgeowild,adorable
自然,bird_perfection,nature,beauty
,birdbrilliance,natureshot,conservation
,birders,animal,detail
,birdfreaks,animaladdicts,exclusive_shots
,birding,animalart,outdoor
,birdlife,animalfriends,photography
,birdlover,animalkingdom,photooftheday
,birdphoto,animalliberation,
,birdphotography,animallove,
,birdphotos,animallover,
,birds,animallovers,
,birds_adored,animalphotography,
,birds_matter,animalphotographer,
,birds_nature,animalshots,
,birdseyeview,animalphotos,
,birdshots,animalplanet,
,birdsofig,animalportrait,
,birdsofinstagram,animalprint,
,birdstagram,animalrights,
,birdwatching,animals,
,birdwatchingmagazine,animal_captures,
,exclusivebirds,animals_in_world,
,eye_spy_birds,animalslover,
,feather_perfection,animalsofig,
,feathers,animalsofinstagram,
,gardenbirds,bbcearth,
,ig_discover_birdlife,bbcwildlifepotd,
,kings_birds,earthcapture,
,nature_worldwide_birds,nature_brilliance,
,nuts_about_birds,natureandcolors,
,pocket_birds,naturecaptures,
,prettybird,natureconserver,
,raw_birds,natureexploring,
,taiwan_birding,naturehikingadventures,
,total_birds,natureisthebestmedicine,
,taiwan_wildlife,natureisthebesttherapy,
,wildbird,natureknowsbest,
,your_best_birds,naturemakesmehappy,
,野鳥,naturemiracles,
,鳥類,natureoflife,
,賞鳥,naturephotographer,
,,naturephtography,
,,natureseekers,
,,naturewonders,
,,nuts_about_nature,
,,show_us_nature,
,,wildlife,
,,wildlife_aroundworld,
,,wildlife_vision,
,,wildlifeaddicts,
,,wildlifeart,
,,wildlifeconservation,
,,wildlifefriend,
,,wildlifegeographic,
,,wildlifelover,
,,wildlifelovers,
,,wildlifeofinstagram,
,,wildlifeonearth,
,,wildlifeperfection,
,,wildlifephoto,
,,wildlifephotographer,
,,wildlifephotography,
,,wildlifephotographeroftheyear,
,,wildlifephtographs,
,,wildlifephotos,
,,wildlifepis,
,,wildlifeplanet,
,,wildlifeprotection,
,,wildlifeseekers,
,,allnatureshots,
,,animalfanatics,
,,beautyinnature,
,,cherishwildlife,
,,discoverwildlife,
,,earthfocus,
,,exclusive_wildlife,
,,explore_wildlife,
,,lovenature,
,,marvelouz_animals,
,,nature_cuties,
,,nature_worldwide_miracles,
,,naturelover,
,,picturetokeep_nature,
,,shots_of_animals,